{"education": {"Some-college": {"precision": 0.6320754716981132, "recall": 0.5134099616858238, "fbeta": 0.5665961945031711, "sample": 1438}, "Prof-school": {"precision": 0.7659574468085106, "recall": 0.935064935064935, "fbeta": 0.8421052631578946, "sample": 117}, "Assoc-acdm": {"precision": 0.7428571428571429, "recall": 0.6046511627906976, "fbeta": 0.6666666666666666, "sample": 199}, "Bachelors": {"precision": 0.7178899082568807, "recall": 0.7452380952380953, "fbeta": 0.7313084112149532, "sample": 1032}, "11th": {"precision": 0.8333333333333334, "recall": 0.38461538461538464, "fbeta": 0.5263157894736842, "sample": 235}, "HS-grad": {"precision": 0.6327433628318584, "recall": 0.42686567164179107, "fbeta": 0.5098039215686275, "sample": 2159}, "Masters": {"precision": 0.8125, "recall": 0.78, "fbeta": 0.7959183673469388, "sample": 359}, "7th-8th": {"precision": 0.75, "recall": 0.6, "fbeta": 0.6666666666666665, "sample": 117}, "10th": {"precision": 0.25, "recall": 0.14285714285714285, "fbeta": 0.18181818181818182, "sample": 209}, "Assoc-voc": {"precision": 0.6140350877192983, "recall": 0.625, "fbeta": 0.6194690265486725, "sample": 281}, "9th": {"precision": 1.0, "recall": 0.2, "fbeta": 0.33333333333333337, "sample": 94}, "1st-4th": {"precision": 1.0, "recall": 1.0, "fbeta": 1.0, "sample": 35}, "Doctorate": {"precision": 0.8225806451612904, "recall": 0.8793103448275862, "fbeta": 0.8500000000000001, "sample": 80}, "5th-6th": {"precision": 1.0, "recall": 0.5, "fbeta": 0.6666666666666666, "sample": 62}, "12th": {"precision": 1.0, "recall": 0.3333333333333333, "fbeta": 0.5, "sample": 84}, "Preschool": {"precision": 1.0, "recall": 1.0, "fbeta": 1.0, "sample": 12}}}